dataset,feature_set,model,target,r2,mae,rmse,nmae,nrmse
chf,full,Ridge,CHF (kW m-2),0.7028940035367293,585.5219235844437,841.28432407274,0.044895422916384146,0.06450623623271194
chf,full,KNN,CHF (kW m-2),0.9549353443267586,194.0463100300214,327.6461857766802,0.014878676277106463,0.025122567550218782
chf,full,RandomForest,CHF (kW m-2),0.955647782372684,195.06500395151014,325.0459489754597,0.014956785554633782,0.024923192042366076
chf,full,GradientBoosting,CHF (kW m-2),0.9460038920940416,223.56873526008502,358.6479198770198,0.017142334925628243,0.02749965354395152
chf,selected,Ridge,CHF (kW m-2),0.4923044915944055,728.3647874442061,1099.7367765387169,0.05584802866052523,0.08432331171675789
chf,selected,KNN,CHF (kW m-2),0.7612058736089968,524.0836498658595,754.2214996965057,0.040184587726878884,0.05783061545196042
chf,selected,RandomForest,CHF (kW m-2),0.7509743430466338,542.5493925134233,770.2099686054293,0.04160046524099886,0.05905654576223353
chf,selected,GradientBoosting,CHF (kW m-2),0.7508444604728484,546.9768405974247,770.4107989411888,0.0419399438261127,0.05907194460981752
heat,full,Ridge,T,0.8550768348948419,48.87222643931668,56.515248568948415,0.07296666817096276,0.08437776809800675
heat,full,KNN,T,0.8051920895431268,50.17292764547938,65.52394406466985,0.07490862662496299,0.09782783049092324
heat,full,RandomForest,T,0.9827011128052668,14.530529904858316,19.525664385172092,0.02169421021226697,0.02915199035958546
heat,full,GradientBoosting,T,0.9974652259661068,5.933927545019719,7.474228342116751,0.008859406531552387,0.011159089303009526
heat,selected,Ridge,T,0.7629095757415759,58.27356427955552,72.28592516301528,0.0870029490718051,0.1079235283325989
heat,selected,KNN,T,0.8907522254348003,39.83895524049846,49.068528734995816,0.05947991403503434,0.07325974924202472
heat,selected,RandomForest,T,0.886317071948163,40.83616959171329,50.054642317297166,0.06096876391894056,0.0747320255793429
heat,selected,GradientBoosting,T,0.9062522021957966,37.40687179445076,45.45454074818925,0.05584879184762586,0.06786403307724982
xs,full,Ridge,k,0.9999347287510318,4.392055397100747e-05,6.21592137181258e-05,0.0009591315944052982,0.0013574251772826198
xs,full,KNN,k,0.8802619165833367,0.0020261525076670384,0.0026623227413763682,0.04424686643228153,0.058139472863739626
xs,full,RandomForest,k,0.8725435509057219,0.002026365535241501,0.0027467900036547,0.044251518501954454,0.05998405843061445
xs,full,GradientBoosting,k,0.9585038727715078,0.001125341721507549,0.0015672862879016001,0.024575072534668667,0.034226203002742796
xs,selected,Ridge,k,0.9566031012932354,0.0013077851638318826,0.0016027799387462612,0.028559249734274133,0.035001308934885116
xs,selected,KNN,k,0.9137987101219308,0.0017824810792900314,0.002258923029080861,0.03892560008931755,0.04933008012493139
xs,selected,RandomForest,k,0.911195152301015,0.0017700265999994202,0.0022927826550209014,0.03865362071976367,0.05006950242446057
xs,selected,GradientBoosting,k,0.9347848849389468,0.0015131560019700418,0.0019648015096282168,0.03304411255175664,0.04290709096847079
bwr,full,Ridge,K-eff,0.6384508661124746,0.0454680737502069,0.05491629811516864,0.146879680030388,0.17740114393063913
bwr,full,Ridge,Max3Pin,0.8466138249235479,0.478476517692749,0.642471854829342,0.08524434664043276,0.11446140296264778
bwr,full,Ridge,Max4Pin,0.8396517035394145,0.5238161433325174,0.706979629753834,0.08538160445517806,0.11523710346435763
bwr,full,Ridge,F-delta-H,0.5050568523870216,0.11534811511236896,0.14410799364476912,0.15298158502966705,0.19112466000632508
bwr,full,Ridge,Max-Fxy,0.2754327322364054,0.028579804760821517,0.04177956736047564,0.06281275771609124,0.0918232249680783
bwr,full,KNN,K-eff,0.7326173190412872,0.026639705182670285,0.04722633331311927,0.08605667780937554,0.15255954681844966
bwr,full,KNN,Max3Pin,0.8221579354202141,0.47900538849479524,0.6917963142595981,0.0853385691243177,0.12324894250126459
bwr,full,KNN,Max4Pin,0.8160934430590058,0.5135365894330952,0.7571350166793797,0.08370604554736678,0.12341239065678561
bwr,full,KNN,F-delta-H,0.7325107506093085,0.08236086577369718,0.10594088090370016,0.10923191747174692,0.1405051470871355
bwr,full,KNN,Max-Fxy,0.20471805349449057,0.025050476876544225,0.04377086657244507,0.05505599313526202,0.09619970675262651
bwr,full,RandomForest,K-eff,0.9381404511318989,0.014430336874423992,0.02271543015949766,0.04661563791970537,0.07337973303882175
bwr,full,RandomForest,Max3Pin,0.9397363251359575,0.246128604137714,0.40270665231319414,0.04384974240828684,0.07174535049228473
bwr,full,RandomForest,Max4Pin,0.9394323226651248,0.2574910256420665,0.4345054070296176,0.04197082732552021,0.07082402722569155
bwr,full,RandomForest,F-delta-H,0.9247544836520358,0.04082347945108131,0.05618892549611206,0.05414254569108927,0.07452112134762873
bwr,full,RandomForest,Max-Fxy,0.681949152439479,0.015439032980584197,0.027680431862122736,0.03393194061666856,0.060836113982687325
bwr,full,GradientBoosting,K-eff,0.9968251878690897,0.002659381114170198,0.005146080869043505,0.008590842208845454,0.01662385601835995
bwr,full,GradientBoosting,Max3Pin,0.9551501415129192,0.16711527417870617,0.3474093772028292,0.029772897591075393,0.061893706966475906
bwr,full,GradientBoosting,Max4Pin,0.9530326664233544,0.18050337899288438,0.38262441449855855,0.029421903666321823,0.06236746772592642
bwr,full,GradientBoosting,F-delta-H,0.9835159402941026,0.014978080823337028,0.026299197904585122,0.01986482867816582,0.03487957281775215
bwr,full,GradientBoosting,Max-Fxy,0.9430132247609119,0.006193538169797061,0.011716870336722916,0.01361217180175178,0.025751363377413
bwr,selected,Ridge,K-eff,0.6385906262221652,0.0455202390321923,0.05490568289168581,0.14704819431513216,0.17736685260268065
bwr,selected,Ridge,Max3Pin,0.8489324217306398,0.47671330735825096,0.6375975384344916,0.08493021688192606,0.11359300524398569
bwr,selected,Ridge,Max4Pin,0.8415681320810815,0.5215579560715359,0.7027421398666216,0.08501352177205149,0.11454639606627899
bwr,selected,Ridge,F-delta-H,0.506700389758336,0.114931959869258,0.14386852793718286,0.15242965499901592,0.1908070662296855
bwr,selected,Ridge,Max-Fxy,0.27188171972551056,0.02865930896819724,0.04188182041822599,0.06298749223779612,0.09204795696313403
bwr,selected,KNN,K-eff,0.9779406604773894,0.006935710714285717,0.013564814019840343,0.022405061100548254,0.04381966022690381
bwr,selected,KNN,Max3Pin,0.9391371562146228,0.18257107142857143,0.4047036473691305,0.03252646916596676,0.07210113083362382
bwr,selected,KNN,Max4Pin,0.9368764605234193,0.19476357142857148,0.44357840689242806,0.0317463034113401,0.07230291880887173
bwr,selected,KNN,F-delta-H,0.9435720540015673,0.03400714285714287,0.04865836757119869,0.04510231148162184,0.0645336439936322
bwr,selected,KNN,Max-Fxy,0.8549640165665952,0.011205714285714288,0.01869228805291264,0.024627943485086342,0.04108195176464316
bwr,selected,RandomForest,K-eff,0.9792376566921966,0.006786935109927344,0.013159996541171379,0.021924457649332426,0.04251194127526612
bwr,selected,RandomForest,Max3Pin,0.945493778034288,0.17713297950238693,0.38298700502714744,0.031557630411969885,0.0682321405713785
bwr,selected,RandomForest,Max4Pin,0.9429099288109262,0.18761280174234257,0.42184705128248917,0.03058073378033294,0.06876072555541796
bwr,selected,RandomForest,F-delta-H,0.9490729512003141,0.033141481737554684,0.0462258247660822,0.04395421981108048,0.06130745990196579
bwr,selected,RandomForest,Max-Fxy,0.88998655948319,0.00996809915318138,0.016279739692004615,0.02190791022677226,0.03577964767473541
bwr,selected,GradientBoosting,K-eff,0.9792753712344777,0.006782102583797847,0.013148038622095825,0.021908846697886834,0.042473312514846324
bwr,selected,GradientBoosting,Max3Pin,0.9452069478137268,0.1775608332493163,0.3839933865211803,0.03163385591471874,0.06841143533247468
bwr,selected,GradientBoosting,Max4Pin,0.9425654323702058,0.18849771007363195,0.4231179047921561,0.03072497311713642,0.06896787364175323
bwr,selected,GradientBoosting,F-delta-H,0.9491595365736186,0.03314489302534446,0.04618651183636772,0.043958744065443575,0.06125532073788822
bwr,selected,GradientBoosting,Max-Fxy,0.8921476071107306,0.009862277887759101,0.016119051227362128,0.021675336017052967,0.03542648621398269
fp,full,Ridge,fis_gas_produced,0.9992324324796105,3.362387184682994e-08,4.1669207853555674e-08,0.004002841886527374,0.004960619982566151
fp,full,Ridge,max_fuel_centerline_temp,0.996135349570607,1.8170426619339566,2.205506177198826,0.007918487728353373,0.009611372349600468
fp,full,Ridge,max_fuel_surface_temp,0.9177345746169476,2.0051215664569737,2.3451328028727225,0.04097074598127445,0.047918212025731675
fp,full,Ridge,radial_clad_dia,0.9970072070329449,3.439322845703022e-08,4.2303845859150825e-08,0.007019026215720457,0.008633437930438949
fp,full,KNN,fis_gas_produced,0.6572721543545798,7.060639646692214e-07,8.805046327080379e-07,0.08405523388919302,0.10482198008429021
fp,full,KNN,max_fuel_centerline_temp,0.6545139219123821,15.332563616985984,20.852995327143567,0.06681775799148176,0.09087523978201359
fp,full,KNN,max_fuel_surface_temp,0.6099841441223057,3.897107869983293,5.106224432377087,0.07962979366125991,0.10433573088137654
fp,full,KNN,radial_clad_dia,0.6674695630755101,3.338313244514853e-07,4.4592027092286557e-07,0.06812884172479296,0.09100413692303384
fp,full,RandomForest,fis_gas_produced,0.4283890372567949,8.898335876623384e-07,1.1371224256061038e-06,0.10593256995980217,0.13537171733405995
fp,full,RandomForest,max_fuel_centerline_temp,0.7452012438331508,12.410266330949074,17.908195299440298,0.054082682650182644,0.0780420997736198
fp,full,RandomForest,max_fuel_surface_temp,0.5917230766999084,4.08456536725979,5.2243971550324435,0.08346012177287249,0.10675035984094795
fp,full,RandomForest,radial_clad_dia,0.7432061748625326,2.888237926887909e-07,3.9186258763318686e-07,0.05894363116097777,0.0799719566598341
fp,full,GradientBoosting,fis_gas_produced,0.9833318449604779,1.2166750055958632e-07,1.941783093521228e-07,0.014484226257093608,0.023116465399062237
fp,full,GradientBoosting,max_fuel_centerline_temp,0.908858148737246,6.874256582269183,10.710557892988126,0.02995731334690556,0.04667552557581471
fp,full,GradientBoosting,max_fuel_surface_temp,0.9219210518318274,1.6882759078418104,2.2846819189530487,0.03449662330883747,0.046683016189803986
fp,full,GradientBoosting,radial_clad_dia,0.9083047694191575,1.615477953426e-07,2.3416117420823474e-07,0.03296893782502043,0.04778799473637446
fp,selected,Ridge,fis_gas_produced,0.2675381347698774,1.053784294519324e-06,1.2872101602452922e-06,0.12545051125230045,0.1532393047911062
fp,selected,Ridge,max_fuel_centerline_temp,0.5035361895667859,20.470408296800592,24.997522519138332,0.08920796428636091,0.1089366691568789
fp,selected,Ridge,max_fuel_surface_temp,0.08089862719573226,6.377471883307038,7.838635589729973,0.1303111915530332,0.16016722026190208
fp,selected,Ridge,radial_clad_dia,0.5102779283853909,4.433210301478458e-07,5.411483676162627e-07,0.0904736796220094,0.11043844237066593
fp,selected,KNN,fis_gas_produced,-0.01760683854367029,1.242779842591607e-06,1.5172144079016756e-06,0.14794998126090556,0.18062076284543754
fp,selected,KNN,max_fuel_centerline_temp,0.38284439993182773,22.19973562850543,27.87086882201303,0.09674419749721798,0.12145842107568432
fp,selected,KNN,max_fuel_surface_temp,-0.2113873471632568,7.057451756646654,8.999124997745948,0.14420525320446892,0.18387955648388762
fp,selected,KNN,radial_clad_dia,0.3328277222945749,5.023006679761123e-07,6.316267432280726e-07,0.10251034040328828,0.128903416985321
fp,selected,RandomForest,fis_gas_produced,0.22353801980300259,1.097684347492786e-06,1.3253086953448e-06,0.13067670803485545,0.15777484468390474
fp,selected,RandomForest,max_fuel_centerline_temp,0.3529813889686173,22.645258093690433,28.537212992243308,0.09868573923819084,0.12436228142270134
fp,selected,RandomForest,max_fuel_surface_temp,-0.20436689503673233,7.164664600461623,8.973010424388974,0.14639593842942253,0.18334595614298235
fp,selected,RandomForest,radial_clad_dia,0.332184750735638,5.11617781234969e-07,6.319310276279025e-07,0.10441179208876925,0.12896551584242916
fp,selected,GradientBoosting,fis_gas_produced,0.20605210003701568,1.110375724485191e-06,1.3401485844157066e-06,0.132187586248237,0.15954149814472696
fp,selected,GradientBoosting,max_fuel_centerline_temp,0.44476232144879346,20.67028905445826,26.435810804512904,0.0900790243664592,0.11520458370625501
fp,selected,GradientBoosting,max_fuel_surface_temp,-0.02839855161732352,6.593014366823591,8.291622011352908,0.1347153815473256,0.16942311373177962
fp,selected,GradientBoosting,radial_clad_dia,0.41909755183860375,4.773130524452774e-07,5.893769094894292e-07,0.0974108270296485,0.12028100193661828
rea,full,Ridge,max_power,0.8658306156780177,52.68289377514214,74.04816297818859,0.038216109203818314,0.05371445036399685
rea,full,Ridge,burst_width,0.5216806138193928,0.040195169239604776,0.10687465336529599,0.021380409170002543,0.056848219875157445
rea,full,Ridge,max_Tf,0.9792942070914084,2.9730101911556734,5.333041256753424,0.009792523686283512,0.01756601204464238
rea,full,Ridge,avg_Tcool,0.9792367965751787,0.07349040411754004,0.10797910749069348,0.01617875096481055,0.02377136322043286
rea,full,KNN,max_power,0.9712048492140438,19.218652045298715,34.30419669760104,0.013941187597782831,0.024884223952089616
rea,full,KNN,burst_width,0.7674279938800066,0.016536114931750744,0.07452370656183913,0.008795805814761035,0.03964026944778677
rea,full,KNN,max_Tf,0.9662840893734531,3.943709078591525,6.805287186592716,0.01298981909944508,0.022415306938711195
rea,full,KNN,avg_Tcool,0.9822629719253904,0.07305282471778525,0.09980056057656701,0.016082418821573984,0.021970874090368447
rea,full,RandomForest,max_power,0.9906863461386306,10.79692194734007,19.509566615852904,0.007832074486374161,0.014152216685226895
rea,full,RandomForest,burst_width,0.8471280558876658,0.011719001506132755,0.06041984710494641,0.006233511439432317,0.03213821654518426
rea,full,RandomForest,max_Tf,0.979488302129019,2.8482700872414735,5.307986575980423,0.009381653778792735,0.017483486745653573
rea,full,RandomForest,avg_Tcool,0.9883563336584438,0.053729278661087676,0.08086068758109163,0.011828382622394325,0.017801302672461355
rea,full,GradientBoosting,max_power,0.996067985156861,9.27545067236669,12.676377084134536,0.006728401012342436,0.009195429032879817
rea,full,GradientBoosting,burst_width,0.9847459072356692,0.007808876554338835,0.019085736305135187,0.004153657741669593,0.010151987396348504
rea,full,GradientBoosting,max_Tf,0.9943996436588411,1.9597813871252563,2.7735553744367722,0.00645514290884472,0.00913555788681414
rea,full,GradientBoosting,avg_Tcool,0.9957553171135992,0.03703529267010083,0.048821956470093616,0.008153238292989966,0.010748046426321727
rea,selected,Ridge,max_power,0.8660695702985506,52.646325643956374,73.98219399396633,0.03818958272445028,0.05366659654040351
rea,selected,Ridge,burst_width,0.525016989882374,0.03980891861172606,0.10650126476980788,0.021174956708364924,0.05664960892011058
rea,selected,Ridge,max_Tf,0.9689310152923338,4.340978325917531,6.532697389387055,0.014298347582073559,0.021517448581643797
rea,selected,Ridge,avg_Tcool,0.969501072466628,0.09231102647974296,0.13086841364097726,0.020322069617866527,0.028810393668142198
rea,selected,KNN,max_power,0.9970691034381333,6.842066141061332,10.944295763243348,0.004963226734328,0.00793897927915911
rea,selected,KNN,burst_width,0.9803497423777632,0.005250019088583156,0.021662064860790302,0.0027925633449910406,0.011522374925952289
rea,selected,KNN,max_Tf,0.9809129839519877,3.8893623559194386,5.120330919817513,0.012810811449010012,0.016865385111388388
rea,selected,KNN,avg_Tcool,0.9791143358030109,0.07609304730213295,0.10829706817282335,0.016751717142359984,0.02384136156585702
rea,selected,RandomForest,max_power,0.9933801588738959,9.105438418143644,16.447934153312918,0.006605074323016937,0.011931312096542546
rea,selected,RandomForest,burst_width,0.9109197366055805,0.009488606558140919,0.04612182396434972,0.0050471311479472975,0.024532885087420065
rea,selected,RandomForest,max_Tf,0.9762930431346623,4.119334075306693,5.70646181027663,0.013568294055687397,0.018795987517380208
rea,selected,RandomForest,avg_Tcool,0.9787796399451874,0.07703115510398277,0.1091613576108917,0.016958239513362318,0.024031632986295248
rea,selected,GradientBoosting,max_power,0.9951704501931031,10.10641948111063,14.048854026002898,0.007331184809213312,0.010191022192853732
rea,selected,GradientBoosting,burst_width,0.9853598762915067,0.007782957256319003,0.018697696276595614,0.004139870881020747,0.009945583125848732
rea,selected,GradientBoosting,max_Tf,0.9819147885108073,3.8200176419383136,4.98414658207414,0.012582403300192077,0.016416820099058437
rea,selected,GradientBoosting,avg_Tcool,0.9807648974247412,0.07299123709669346,0.10392973197956423,0.01606886044213487,0.022879902100518754
powery,full,Ridge,A-2,0.9887920126384923,7.885330599822027,11.035036922942428,0.01338062261955766,0.018725361326272106
powery,full,Ridge,B-1,0.9952273314415147,6.789482434566725,9.308408759825545,0.00940117529463403,0.012889050573235838
powery,full,Ridge,B-2,0.9947507755100451,7.427284438947136,10.145032923330962,0.009023750866602771,0.01232566900946622
powery,full,Ridge,B-4,0.9919184676761228,7.624525423866744,10.956599181611052,0.010997095928945558,0.0158030520664297
powery,full,Ridge,B-5,0.9933481225052007,7.8412670121771955,10.638885842254432,0.009936000095864067,0.01348098089050741
powery,full,Ridge,B-7,0.9955644387467164,6.292473050722419,8.18602488061115,0.00905044154603489,0.011773930389396382
powery,full,Ridge,B-8,0.9959409929921857,6.227671604256357,8.440275046725805,0.00850046679127089,0.011520562146348477
powery,full,Ridge,C-1,0.9972927880374608,10.887295495870148,15.059970122906584,0.007413392736260606,0.010254656278945274
powery,full,Ridge,C-2,0.9976763690459074,12.06297720474926,16.480311263245422,0.00748637434385688,0.010227805070489697
powery,full,Ridge,C-3,0.9971005912793116,14.698917169853885,18.651420579253337,0.008060702955933512,0.010228206558227787
powery,full,Ridge,C-4,0.996531972737035,14.963669149659871,19.36484638700175,0.009381130432148388,0.012140347927908456
powery,full,Ridge,C-5,0.9965391965715041,13.084590882001285,17.55853885460649,0.00819186688629711,0.010992870492624238
powery,full,Ridge,C-6,0.9942649705326888,15.928294084753306,22.683345680112172,0.009782054821460254,0.013930539566656143
powery,full,Ridge,C-7,0.9946470241423954,17.14611805628294,24.34035698969446,0.010808988812827703,0.015344268920709598
powery,full,Ridge,C-8,0.9967519876846767,15.26457722209414,20.625827717726455,0.008874343240032183,0.011991205004481803
powery,full,Ridge,C-9,0.9969156289240643,14.16291654646544,19.041534058701934,0.009687785723950905,0.01302488094248178
powery,full,Ridge,C-10,0.9971039761212518,12.52305120215551,16.414087806913372,0.009107298038717923,0.011937026151064171
powery,full,Ridge,C-11,0.9955547070533504,13.883753795065203,18.7657021986361,0.009611267382981884,0.012990880141119321
powery,full,Ridge,C-12,0.9958860170211185,14.514947060434551,19.852573866684626,0.009609203317119175,0.013142825658186598
powery,full,Ridge,C-13,0.9946393547354097,17.587871238265926,24.1338848774034,0.009696031544700187,0.01330478861809871
powery,full,Ridge,C-14,0.994961644830863,17.8290256375408,23.240807210673996,0.012694985628183015,0.0165483924654659
powery,full,Ridge,C-15,0.9948971810670141,15.725472126205823,19.8052011597529,0.011567535997318221,0.014568553205330436
powery,full,KNN,A-2,0.9446549530460483,20.645676773819833,24.521631088614136,0.03503366233523359,0.04161077173101204
powery,full,KNN,B-1,0.9460866592916942,25.021830859802847,31.285487751625844,0.034646914602512194,0.04331999638642999
powery,full,KNN,B-2,0.9511778624886189,24.821564583974087,30.93957063065408,0.030156865105441404,0.03758991318908738
powery,full,KNN,B-4,0.9415425012747842,24.43480477447316,29.467889434512326,0.03524309739578024,0.04250247575022802
powery,full,KNN,B-5,0.9502834460568326,23.901303001992545,29.085366242005733,0.030286348947213666,0.036855294089592455
powery,full,KNN,B-7,0.9385328337066526,25.07991853132147,30.47336165304334,0.03607235737322432,0.043829727378869976
powery,full,KNN,B-8,0.9319047529202595,28.585592460661555,34.570455261611656,0.039017933966618096,0.047186978630922236
powery,full,KNN,C-1,0.9478408357144772,53.82997518945796,66.10408409591969,0.036653983279317785,0.04501168697586493
powery,full,KNN,C-2,0.948599874410664,61.95513618624993,77.51110413230728,0.0384498233016881,0.04810397396023147
powery,full,KNN,C-3,0.950635405564184,61.405792050963825,76.95998627122307,0.03367417094585635,0.04220389717531941
powery,full,KNN,C-4,0.9380309056748054,63.405853059675685,81.8578585984361,0.0397508506613816,0.051318913879203454
powery,full,KNN,C-5,0.9343052961967707,59.68950864415987,76.50064313401418,0.037369797323510257,0.047894740532698425
powery,full,KNN,C-6,0.9348684460831185,59.928597724122916,76.44252152901997,0.03680399327080154,0.04694570129787445
powery,full,KNN,C-7,0.9383850068848316,66.07126215742981,82.57954836657457,0.04165161648629677,0.05205851327587169
powery,full,KNN,C-8,0.946612956505969,68.60109133659248,83.62198791703668,0.03988250852310211,0.04861518353194196
powery,full,KNN,C-9,0.9487942507603108,64.72588641654065,77.5850394893853,0.04427410952673585,0.05307008874136264
powery,full,KNN,C-10,0.9482789409710551,56.74417901822124,69.36643699153223,0.04126679208916386,0.05044623753172026
powery,full,KNN,C-11,0.9447854128057097,52.51982412307163,66.13655080849195,0.03635775165744019,0.0457841649305621
powery,full,KNN,C-12,0.9421889429081778,60.41462100370276,74.4202339011448,0.039995762584193545,0.049267775864850864
powery,full,KNN,C-13,0.9395401612833492,64.98667173988319,81.04984606007226,0.035826554029122486,0.04468203419534681
powery,full,KNN,C-14,0.9471972029629769,60.454587483999916,75.23766049591718,0.04304610553989706,0.05357224999904855
powery,full,KNN,C-15,0.9490738462718097,50.00566292128928,62.56689705442616,0.03678377992529875,0.04602372686232348
powery,full,RandomForest,A-2,0.8827498554892572,29.176076631927316,35.691653463127786,0.049508903398409895,0.060565189957783136
powery,full,RandomForest,B-1,0.8940847142039262,35.59949572156127,43.85045758581101,0.049293462779291995,0.06071830106154941
powery,full,RandomForest,B-2,0.8936871592284292,38.14577948966451,45.656093518725356,0.046345069124065136,0.0554696964741123
powery,full,RandomForest,B-4,0.873350506595623,36.00506162495915,43.37411691098311,0.05193124746857587,0.06255987067867604
powery,full,RandomForest,B-5,0.8803574509357733,36.46657443558213,45.11976783843012,0.04620833425581482,0.05717316052007888
powery,full,RandomForest,B-7,0.8859254750174772,33.47975030933958,41.51385884272143,0.04815380546059456,0.05970923510959794
powery,full,RandomForest,B-8,0.8853194269653742,34.85786900124071,44.86334238275023,0.04757928431181298,0.06123626554254095
powery,full,RandomForest,C-1,0.8791377702086021,80.50778004167411,100.62555326049431,0.054819472108551634,0.06851809486630751
powery,full,RandomForest,C-2,0.8782836174140642,95.26776622971342,119.27690228767273,0.05912389195412611,0.07402414229462335
powery,full,RandomForest,C-3,0.8889074050990124,93.99986983144282,115.45154535460911,0.051548356919900146,0.06331218838457067
powery,full,RandomForest,C-4,0.8960426956227319,80.00008150657854,106.02305392736542,0.050154222984325626,0.0664687308814179
powery,full,RandomForest,C-5,0.8937790005191244,74.73378773266451,97.27586438373099,0.04678856576684454,0.06090147865281464
powery,full,RandomForest,C-6,0.8939415699861982,77.95049653838768,97.5465426652657,0.04787179508623229,0.05990632913470089
powery,full,RandomForest,C-7,0.8947582943733189,86.86027538071154,107.92529395192658,0.05475710255740418,0.06803658362308114
powery,full,RandomForest,C-8,0.8965115870090196,94.9045170988557,116.42558150566053,0.05517448976875141,0.06768615711846294
powery,full,RandomForest,C-9,0.8975360804825263,87.14151219139657,109.7498929635159,0.05960695277710931,0.075071645220026
powery,full,RandomForest,C-10,0.896953726903367,77.45949433151351,97.91107699040121,0.05633185470678673,0.07120511966683943
powery,full,RandomForest,C-11,0.8856910070047804,75.31061415875884,95.16008608394976,0.0521350680904244,0.06587620646697871
powery,full,RandomForest,C-12,0.8880332659917367,81.42214171784859,103.56907095250872,0.053903187591693116,0.06856492524596249
powery,full,RandomForest,C-13,0.8683940115276823,96.34434742185347,119.57944347802811,0.05311375203403801,0.06592304664694425
powery,full,RandomForest,C-14,0.8386635656052216,105.36464178785835,131.51432065055695,0.07502387625709937,0.09364350270738414
powery,full,RandomForest,C-15,0.844362148599788,87.1729884201914,109.37845689666916,0.06412377787144159,0.0804579492004487
powery,full,GradientBoosting,A-2,0.9620755983683296,16.32204462143416,20.298752251271463,0.027696888125898062,0.03444496588745311
powery,full,GradientBoosting,B-1,0.9728225207533616,17.808461943950295,22.212599940452215,0.02465879749692288,0.030757064003376414
powery,full,GradientBoosting,B-2,0.9616298563744794,22.033670627195278,27.42853425032056,0.026769723988755476,0.033324192946360326
powery,full,GradientBoosting,B-4,0.9692196550300537,17.20443312857011,21.382853411237157,0.024814502018154872,0.030841170712327545
powery,full,GradientBoosting,B-5,0.9654062938928175,19.971651036102756,24.261775143874452,0.025306921228560812,0.030743118399233698
powery,full,GradientBoosting,B-7,0.971984038875859,16.174930863390436,20.57318506746561,0.02326434537108811,0.029590338705936723
powery,full,GradientBoosting,B-8,0.9642255492806321,19.513904543791085,25.057237304741392,0.026635524170727943,0.03420190195070222
powery,full,GradientBoosting,C-1,0.981192101554468,31.721522772746976,39.694754072864626,0.02159986441038659,0.027029008409209753
powery,full,GradientBoosting,C-2,0.9877951276264987,29.985532719376444,37.77012781489776,0.018609247039681108,0.023440425281274765
powery,full,GradientBoosting,C-3,0.973361235539057,45.01336720568523,56.53458829267835,0.024684769490064033,0.031002863523708565
powery,full,GradientBoosting,C-4,0.9862695627956294,30.8633531932802,38.53141765403514,0.01934907401278691,0.024156391800222672
powery,full,GradientBoosting,C-5,0.9802551434651228,31.595892712406695,41.939852434485914,0.019781233482034,0.02625727403115443
powery,full,GradientBoosting,C-6,0.9797502417198812,35.03026008353467,42.62350956295867,0.021513159081809747,0.026176406902670184
powery,full,GradientBoosting,C-7,0.9888583837047464,27.617698770437457,35.11586737309293,0.017410319704191927,0.022137198422555834
powery,full,GradientBoosting,C-8,0.9760605921794872,44.48866177855451,55.99628997675722,0.025864303293060997,0.032554474990820856
powery,full,GradientBoosting,C-9,0.989986068126954,27.58118087510544,34.31001747115209,0.018866210886361395,0.023468901786933543
powery,full,GradientBoosting,C-10,0.9831042463445276,33.4219014352137,39.64646473969825,0.02430583509382713,0.028832603551425567
powery,full,GradientBoosting,C-11,0.9809631088696908,31.05952520563087,38.83404593000692,0.021501490587213463,0.02688353629037708
powery,full,GradientBoosting,C-12,0.9865921636586914,27.709613080520576,35.83974619378872,0.018344352536788077,0.023726673378563008
powery,full,GradientBoosting,C-13,0.9724079083672654,41.96733308418243,54.75339009355738,0.023136204485386745,0.0301850400389189
powery,full,GradientBoosting,C-14,0.9886365912224374,27.691796264671595,34.902869507682325,0.01971767626259736,0.024852251367534123
powery,full,GradientBoosting,C-15,0.9785275706134701,32.670586984740986,40.627001519001176,0.024032231780801234,0.02988490894025303
powery,selected,Ridge,A-2,0.6995646167460632,50.12586838848301,57.13280071219807,0.08505861864549398,0.09694868665944985
powery,selected,Ridge,B-1,0.9927205160930949,9.108317604718886,11.495956282402403,0.012611990864754017,0.015918076411845266
powery,selected,Ridge,B-2,0.8734892053478018,43.4792738064792,49.804625571313125,0.05282497767731827,0.06050993964944637
powery,selected,Ridge,B-4,0.5389062687256957,72.80109557178946,82.76058011050901,0.10500333951660973,0.11936822136647622
powery,selected,Ridge,B-5,0.6857793448308691,64.46047590473944,73.12087715785896,0.08168058730486974,0.09265454694016652
powery,selected,Ridge,B-7,0.961377883252035,20.891226766252075,24.155543075775494,0.03004777694696949,0.03474283145240249
powery,selected,Ridge,B-8,0.9377932720568128,28.15799685089756,33.04192780211631,0.038434286897237005,0.04510061349565956
powery,selected,Ridge,C-1,0.9719976095271655,41.41178285134629,48.43513713410217,0.028198170087532424,0.03298052247649051
powery,selected,Ridge,C-2,0.9956325243615057,18.150758913842292,22.594205731835665,0.011264497441031597,0.014022133942526546
powery,selected,Ridge,C-3,0.9792492576944207,41.80495210756381,49.8969515727557,0.022925314642714478,0.027362866283746894
powery,selected,Ridge,C-4,0.957862305076139,57.280530655881684,67.50068686217625,0.03591071975269612,0.042318013141053316
powery,selected,Ridge,C-5,0.9298012101074034,68.13284403676583,79.07964656927155,0.04265591442387237,0.049509376636452544
powery,selected,Ridge,C-6,0.9234614209568428,71.7832572764246,82.86659270297716,0.044084303956511646,0.05089092079634938
powery,selected,Ridge,C-7,0.936903370588153,72.61682921954532,83.56653236135905,0.045777970971654716,0.05268071236041352
powery,selected,Ridge,C-8,0.9495365499900751,70.51715711337857,81.30008907899733,0.04099644866872679,0.047265304858095124
powery,selected,Ridge,C-9,0.9656035681476842,55.44630352167913,63.58802253034034,0.03792664497745882,0.04349578244443149
powery,selected,Ridge,C-10,0.9744339614046696,42.02122691945535,48.76939894845946,0.0305596321000592,0.03546719119988161
powery,selected,Ridge,C-11,0.9906387374765736,22.07095420687079,27.232144263658945,0.015278997698387793,0.018851920294278974
powery,selected,Ridge,C-12,0.9896420283892161,25.39194322971247,31.50089793269083,0.01681000585776508,0.020854263652959063
powery,selected,Ridge,C-13,0.5122964133750365,201.55282493401316,230.19541909445695,0.11111421740635317,0.1269046159565469
powery,selected,Ridge,C-14,0.13515003729219366,267.42563400160753,304.49292360867355,0.19041784162953362,0.21681124743891061
powery,selected,Ridge,C-15,0.23631169740199398,212.68596635752007,242.2881913702713,0.15645015629547432,0.17822532467754645
powery,selected,KNN,A-2,0.636355880873829,55.01143585590904,62.856219773222676,0.09334894125612633,0.10666076018378398
powery,selected,KNN,B-1,0.9623715405204945,20.432569572462615,26.13683689582765,0.028292313901948387,0.03619082716142481
powery,selected,KNN,B-2,0.8209385659350629,50.058876017728856,59.25253244651077,0.06081884025841555,0.07198863802884121
powery,selected,KNN,B-4,0.4615225233887609,78.57115410439636,89.43606613915284,0.11332567876674611,0.1289964875402025
powery,selected,KNN,B-5,0.626402944130384,70.02637953235204,79.73073179354509,0.08873337850451204,0.10103017248535372
powery,selected,KNN,B-7,0.9207726668717927,29.040821151601666,34.596828479219305,0.04176930948496466,0.04976049500814652
powery,selected,KNN,B-8,0.8992907642594978,34.082140132350666,42.041804556510755,0.04652045239066236,0.05738500457112572
powery,selected,KNN,C-1,0.9396762434129565,56.31188282399367,71.08977988102605,0.0383439673563474,0.04840655404202777
powery,selected,KNN,C-2,0.9592800652200187,54.76351929769782,68.98987692432527,0.033986651793405084,0.04281563629157568
powery,selected,KNN,C-3,0.9393694216892595,69.40406961432772,85.2909693377027,0.038060326664157124,0.04677250444439976
powery,selected,KNN,C-4,0.9104133776312718,80.62996327015381,98.42249865537693,0.05054911296230042,0.061703736437197794
powery,selected,KNN,C-5,0.8815721222934685,85.07181463122069,102.71334671193463,0.05326089195446916,0.0643057219975958
powery,selected,KNN,C-6,0.893050813571972,80.9930297776937,97.95531983076141,0.04974030823551519,0.060157371752407686
powery,selected,KNN,C-7,0.9100951177337185,82.95613736460562,99.75184555970488,0.052295916649241096,0.0628840055325917
powery,selected,KNN,C-8,0.9207707237211799,82.91713267259254,101.86978666967573,0.048205402947604496,0.059223877578938565
powery,selected,KNN,C-9,0.9330682431946008,69.64684763978849,88.70227021653102,0.04764016889242448,0.060674549925255526
powery,selected,KNN,C-10,0.9393607420057071,57.79003615636018,75.10911112051778,0.04202738409738886,0.05462255558613373
powery,selected,KNN,C-11,0.9544032629653632,46.81405304449832,60.100973872976546,0.03240783348172715,0.041605932977297734
powery,selected,KNN,C-12,0.9585997745560295,48.984532776500416,62.97771922784958,0.0324288013510253,0.041692588060375235
powery,selected,KNN,C-13,0.4208558537410042,213.66248085402032,250.848805702524,0.11779015926453518,0.13829063791132504
powery,selected,KNN,C-14,-0.0176079382547476,283.3553748350121,330.2912447463942,0.20176045984389865,0.2351806930122576
powery,selected,KNN,C-15,0.1040296351568768,225.43202115202084,262.4345446660594,0.16582605588538074,0.1930448267626611
powery,selected,RandomForest,A-2,0.6578791094677405,52.176308717305986,60.96769433577313,0.08853801217206611,0.1034561201416128
powery,selected,RandomForest,B-1,0.9203912743907253,31.066458166807024,38.0167637798173,0.04301671325086886,0.052640575165073554
powery,selected,RandomForest,B-2,0.8125479197373743,51.41569619684518,60.62489784402892,0.06246730375375742,0.07365598812791802
powery,selected,RandomForest,B-4,0.5155213998354253,74.4025323350785,84.83327172937427,0.10731314278054825,0.12235773052234222
powery,selected,RandomForest,B-5,0.6414618114263564,67.7866170003815,78.10732017733991,0.08589528094989339,0.09897307916750192
powery,selected,RandomForest,B-7,0.8736426842085853,35.5989383373228,43.691702272436245,0.05120182604291826,0.06284161954703103
powery,selected,RandomForest,B-8,0.8581828475983704,40.918602302299625,49.889721458081794,0.055851888493637494,0.06809702685516265
powery,selected,RandomForest,C-1,0.8993641778656702,72.59633059857958,91.82042096196835,0.049432396699697546,0.06252249165626632
powery,selected,RandomForest,C-2,0.9110350275241865,80.45912195248906,101.97444672510643,0.049933535982909644,0.06328610829101748
powery,selected,RandomForest,C-3,0.8981431637201089,87.02228891267441,110.54835543743562,0.04772193851864992,0.060623340151591855
powery,selected,RandomForest,C-4,0.8918277773774682,86.00232476114917,108.15103536837053,0.05391719223294002,0.06780282021843814
powery,selected,RandomForest,C-5,0.8677256170888846,89.95289914648488,108.55198735546067,0.05631679144497693,0.06796111843910639
powery,selected,RandomForest,C-6,0.8643846149071575,90.87439721492429,110.30463582419873,0.055808759600592985,0.06774146615778234
powery,selected,RandomForest,C-7,0.8764594263703704,96.2102788416817,116.93219657265921,0.06065138617762533,0.07371457495302261
powery,selected,RandomForest,C-8,0.8857838031142274,98.97020978855471,122.3112486508892,0.057538155130190664,0.07110789816529253
powery,selected,RandomForest,C-9,0.9004656253690291,87.14456832263348,108.16958637774431,0.05960904324657372,0.07399067637219893
powery,selected,RandomForest,C-10,0.9063239328544752,74.40304276965131,93.35337158929048,0.05410907250575311,0.06789056151399524
powery,selected,RandomForest,C-11,0.9080518102066673,69.0390652567273,85.34659882985638,0.04779348048431916,0.0590826511107824
powery,selected,RandomForest,C-12,0.9135182532887174,70.62123701227293,91.02229924280165,0.04675275921654488,0.06025869582396935
powery,selected,RandomForest,C-13,0.4683370379422316,207.83403301737286,240.34600372240024,0.11457698961397403,0.13250053984161345
powery,selected,RandomForest,C-14,0.07938023858895982,274.17775964769163,314.15716205433205,0.19522562752761632,0.22369257514964305
powery,selected,RandomForest,C-15,0.18496465313147503,218.39081824468659,250.30089393668965,0.16064660133919392,0.184119406879275
powery,selected,GradientBoosting,A-2,0.676278533703633,50.76572215122209,59.30560269452409,0.08614438691133039,0.10063571575537482
powery,selected,GradientBoosting,B-1,0.9726916982228885,17.866925842335295,22.2659974594083,0.024739750553716543,0.030831001809511524
powery,selected,GradientBoosting,B-2,0.8531761360121562,44.91360927606158,53.65426034518271,0.054567618078805016,0.06518703871739781
powery,selected,GradientBoosting,B-4,0.5202106554333008,74.05359540778845,84.42172396774701,0.10680985993352037,0.12176414207422835
powery,selected,GradientBoosting,B-5,0.6643101283219541,65.93085671289099,75.57760871622028,0.08354376883255679,0.09576757509766741
powery,selected,GradientBoosting,B-7,0.9431553276673226,24.151389206214663,29.305130081825027,0.0347368569566284,0.042149464076617134
powery,selected,GradientBoosting,B-8,0.9156073380339278,32.09735350915622,38.48566912679803,0.04381131583845687,0.05253105384179139
powery,selected,GradientBoosting,C-1,0.9606614663558782,47.47262614273972,57.40795330631491,0.03232512812307703,0.03909030522833335
powery,selected,GradientBoosting,C-2,0.9867955533288907,30.954563755280216,39.28637309852262,0.01921063498582884,0.02438141850356603
powery,selected,GradientBoosting,C-3,0.96203279123788,55.55679187220232,67.49343475127046,0.030466652154819633,0.03701255832106166
powery,selected,GradientBoosting,C-4,0.9484961887714366,62.602630916680795,74.62639947887841,0.03924728889360514,0.04678531583337513
powery,selected,GradientBoosting,C-5,0.9165242948305947,72.13127405094995,86.23428266215176,0.04515921060835052,0.053988678054534577
powery,selected,GradientBoosting,C-6,0.915692126138826,75.6048341592305,86.97077756143248,0.046431251744713006,0.0534114268260093
powery,selected,GradientBoosting,C-7,0.9334190789404089,75.00874233856466,85.84286437567272,0.04728584360264141,0.05411572215074807
powery,selected,GradientBoosting,C-8,0.936555020468669,76.91933622527733,91.15934227775104,0.04471847346486193,0.05299716337622592
powery,selected,GradientBoosting,C-9,0.962242667711414,57.08130911361854,66.62224664979819,0.039045029300363236,0.04557126689788519
powery,selected,GradientBoosting,C-10,0.9663747839221869,47.744561680702375,55.93043860030602,0.03472188573973604,0.04067500527998519
powery,selected,GradientBoosting,C-11,0.978583226117787,33.57560090583947,41.18998677612236,0.023243287270407576,0.028514476866300605
powery,selected,GradientBoosting,C-12,0.9812344047774163,33.82713565163385,42.400086977111286,0.022394282442707636,0.02806975834842635
powery,selected,GradientBoosting,C-13,0.48855693215138374,205.275665351861,235.7313538367044,0.1131665850657662,0.12995652583029266
powery,selected,GradientBoosting,C-14,0.1298487576884887,268.35701521480803,305.42472455655815,0.1910810226331575,0.21747472731056522
powery,selected,GradientBoosting,C-15,0.21699675769771476,216.6264322518789,245.33299401616998,0.15934873261250843,0.18046505801772825
htgr,full,Ridge,fluxQ1,-0.0013639751482004137,0.0033990220490273766,0.004204365644683976,0.13318336893464344,0.16473902573015525
htgr,full,Ridge,fluxQ2,0.0057154549249489595,0.003434895294037903,0.0043200341399937696,0.13458898489011714,0.16927124695813092
htgr,full,Ridge,fluxQ3,0.007214448329343037,0.003376266426645887,0.004200850834139104,0.13229173881066747,0.16460130543802975
htgr,full,Ridge,fluxQ4,0.013504789061355882,0.0033795091322780216,0.004220931289713402,0.13241879725698574,0.16538811490397384
htgr,full,KNN,fluxQ1,0.712196905515897,0.0017532005100966224,0.002253991254402488,0.06869539149339095,0.08831779979080932
htgr,full,KNN,fluxQ2,0.7299823536668997,0.0018083822578489623,0.0022512716799750476,0.07085756960325679,0.08821123911568259
htgr,full,KNN,fluxQ3,0.7138936391293335,0.0017609377798480314,0.002255138883998095,0.06899855976855516,0.08836276718838057
htgr,full,KNN,fluxQ4,0.719287396565667,0.0017678469671588025,0.0022516026335190967,0.06926928141418623,0.0882242068185458
htgr,full,RandomForest,fluxQ1,0.7159447541747981,0.0018116836914338144,0.0022392671242853217,0.07098692917809991,0.08774086641840081
htgr,full,RandomForest,fluxQ2,0.696495938568862,0.001863824822289223,0.0023867893318861104,0.07302996725411726,0.09352120685678396
htgr,full,RandomForest,fluxQ3,0.6987550458035585,0.001827941361926134,0.0023140323563711003,0.07162395103202288,0.09067038124494152
htgr,full,RandomForest,fluxQ4,0.690542238463619,0.0018684326464387035,0.002364076259825525,0.07321051493366579,0.09263124397562239
htgr,full,GradientBoosting,fluxQ1,0.9038891755679809,0.0010139657013853852,0.0013025387382707555,0.03973006533844835,0.05103717917346813
htgr,full,GradientBoosting,fluxQ2,0.9014735371301978,0.0010543925085850193,0.00135990409131084,0.04131410283525106,0.05328491716039583
htgr,full,GradientBoosting,fluxQ3,0.9040522364807995,0.0010072622552291352,0.0013059512476984118,0.039467405217483015,0.051170891016327914
htgr,full,GradientBoosting,fluxQ4,0.9024538085229055,0.0010005820171476811,0.0013272903925968128,0.03920565445501646,0.052007019516455415
htgr,selected,Ridge,fluxQ1,0.004423879315183843,0.0033881772857747776,0.004192197481119966,0.13275844020972002,0.1642622424101805
htgr,selected,Ridge,fluxQ2,0.0027519263363384727,0.0034398459770342573,0.004326467418691958,0.13478296675621612,0.16952332114828378
htgr,selected,Ridge,fluxQ3,0.008611263285885129,0.003369864402634446,0.004197894567969338,0.1320408892681974,0.16448547050601758
htgr,selected,Ridge,fluxQ4,0.010562121899992949,0.003384779207004408,0.004227222018188832,0.13262529380113094,0.1656346035702214
htgr,selected,KNN,fluxQ1,0.32467017095351813,0.002818233243333779,0.0034527287686812393,0.11042640864839426,0.13528775124071782
htgr,selected,KNN,fluxQ2,0.019826287505238627,0.003431518110918992,0.004289269752687941,0.13445665723269154,0.16806581060452655
htgr,selected,KNN,fluxQ3,0.3983794773762719,0.0026656053387064203,0.003270173974556476,0.10444601245251674,0.12813473424170674
htgr,selected,KNN,fluxQ4,0.2933310315034675,0.002880992858013661,0.0035724717429523106,0.1128855091765884,0.13997962216407325
htgr,selected,RandomForest,fluxQ1,0.3974651506367214,0.0026742392423696596,0.0032613362849685207,0.10478431339918357,0.1277884483818491
htgr,selected,RandomForest,fluxQ2,0.09854672752067473,0.0032453591047545763,0.0041134236842328455,0.12716241693625202,0.1611756605928598
htgr,selected,RandomForest,fluxQ3,0.4488353937785049,0.0025572924595011494,0.003130042230707027,0.1002020052223498,0.12264397323122829
htgr,selected,RandomForest,fluxQ4,0.3444159955481264,0.002763715186016313,0.0034409230956931104,0.10829023582086293,0.13482517133437397
htgr,selected,GradientBoosting,fluxQ1,0.43612357568857996,0.002591471878794717,0.003154978947112228,0.10154125225990568,0.12362106483378581
htgr,selected,GradientBoosting,fluxQ2,0.14060052694217107,0.003161402574101997,0.004016329877889409,0.12387276084250153,0.1573712486046507
htgr,selected,GradientBoosting,fluxQ3,0.4822323800158862,0.0024860743735477704,0.0030337303768645154,0.0974114776883898,0.11887020037007338
htgr,selected,GradientBoosting,fluxQ4,0.37030614461411804,0.0026927078413097336,0.0033722946974307317,0.10550796572943123,0.1321361151431123
microreactor,full,Ridge,fluxQ1,0.11837495803312559,3.561207544326265e+17,4.296162950496245e+17,0.12718598372593803,0.1534343910891516
microreactor,full,Ridge,fluxQ2,0.22880758124680178,3.599895293226093e+17,4.4283968191049766e+17,0.1333294553046701,0.16401469700388802
microreactor,full,Ridge,fluxQ3,0.25207980442297084,3.5562058368021146e+17,4.4860157908654944e+17,0.12700735131436122,0.16021484967376765
microreactor,full,Ridge,fluxQ4,0.014034376901633672,3.9353637043987104e+17,4.7835635357599085e+17,0.14054870372852538,0.17084155484856817
microreactor,full,KNN,fluxQ1,0.429940649768923,2.836390063809981e+17,3.454608390211275e+17,0.10129964513607076,0.1233788710789741
microreactor,full,KNN,fluxQ2,0.38918370871230257,3.176900890873124e+17,3.9411272751450234e+17,0.11766299595826385,0.1459676768572231
microreactor,full,KNN,fluxQ3,0.4313612621564237,3.176651437961778e+17,3.911572542262925e+17,0.1134518370700635,0.13969901936653303
microreactor,full,KNN,fluxQ4,0.3365306645025533,3.094513235567146e+17,3.9240188758166266e+17,0.11051832984168379,0.14014353127916523
microreactor,full,RandomForest,fluxQ1,0.5213903959162709,2.6001291677417408e+17,3.165406510945081e+17,0.09286175599077645,0.11305023253375289
microreactor,full,RandomForest,fluxQ2,0.49645777098206134,2.921397518228639e+17,3.578352360955877e+17,0.10819990808254218,0.13253156892429174
microreactor,full,RandomForest,fluxQ3,0.5309466652223438,2.941972496965852e+17,3.552583396949287e+17,0.10507044632020901,0.12687797846247453
microreactor,full,RandomForest,fluxQ4,0.3750965013058294,3.0714937820335277e+17,3.8082647975899117e+17,0.10969620650119742,0.13600945705678255
microreactor,full,GradientBoosting,fluxQ1,0.6423860553588261,2.212571616912609e+17,2.73618847508772e+17,0.07902041488973603,0.09772101696741857
microreactor,full,GradientBoosting,fluxQ2,0.6557899560393992,2.4160928563602208e+17,2.958536446430868e+17,0.0894849206059341,0.10957542394188399
microreactor,full,GradientBoosting,fluxQ3,0.6871641149828331,2.4295157258671146e+17,2.901292064325925e+17,0.08676841878096837,0.1036175737259259
microreactor,full,GradientBoosting,fluxQ4,0.6471943607229809,2.381341781888263e+17,2.8614648757005178e+17,0.08504792078172368,0.10219517413216135
microreactor,selected,Ridge,fluxQ1,0.07963722511729954,3.6138360422795974e+17,4.3895329069259046e+17,0.12906557293855705,0.15676903239021087
microreactor,selected,Ridge,fluxQ2,0.010994601072943144,4.14847340213554e+17,5.01492549866537e+17,0.15364716304205703,0.18573798143205075
microreactor,selected,Ridge,fluxQ3,0.18061386590966455,3.785818345360811e+17,4.6954527324883206e+17,0.1352077980486004,0.16769474044601146
microreactor,selected,Ridge,fluxQ4,-0.05532532245533961,4.0623114826130125e+17,4.9489588161158605e+17,0.14508255295046474,0.17674852914699501
microreactor,selected,KNN,fluxQ1,-0.030973504319245615,3.5989749545891955e+17,4.6458217069468243e+17,0.128534819806757,0.16592220381952943
microreactor,selected,KNN,fluxQ2,0.10865600464295166,3.939349112607084e+17,4.760886477695675e+17,0.14590181898544757,0.1763291288035435
microreactor,selected,KNN,fluxQ3,0.15109907278970514,3.800408472627241e+17,4.779271161393457e+17,0.13572887402240147,0.17068825576405205
microreactor,selected,KNN,fluxQ4,0.07606845755852054,3.796461705547764e+17,4.630635076052527e+17,0.13558791805527728,0.1653798241447331
microreactor,selected,RandomForest,fluxQ1,0.08278280191232679,3.4954601905942656e+17,4.382025307095454e+17,0.1248378639497952,0.15650090382483764
microreactor,selected,RandomForest,fluxQ2,0.15999347634551653,3.7663697424723674e+17,4.621750360925302e+17,0.13949517564712471,0.1711759392935297
microreactor,selected,RandomForest,fluxQ3,0.20894381704884613,3.7071295825832326e+17,4.61356700533293e+17,0.13239748509225832,0.1647702501904618
microreactor,selected,RandomForest,fluxQ4,0.08553917015433143,3.810674286775281e+17,4.606840900808937e+17,0.13609551024197433,0.16453003217174775
microreactor,selected,GradientBoosting,fluxQ1,0.14304157634474302,3.4439302388259936e+17,4.235636311516322e+17,0.12299750852949977,0.15127272541129722
microreactor,selected,GradientBoosting,fluxQ2,0.1976463954440304,3.684105992190154e+17,4.5169788636794477e+17,0.13644837008111682,0.16729551346960916
microreactor,selected,GradientBoosting,fluxQ3,0.20102033355849058,3.68729088155146e+17,4.636614950780155e+17,0.13168896005540928,0.16559339109929125
microreactor,selected,GradientBoosting,fluxQ4,0.13396691652813608,3.6507277851693786e+17,4.4831978117431674e+17,0.13038313518462066,0.16011420756225597
